OMP_ENABLED,MPI_RANKS,OMP_THREADS,TOT_WORKERS,NODES,N_JOBS,SUCCESS,FAIL,TIME_SEC,THROUGHPUT_JS
1,2,2,4,1,100000,100000,0,6.677557,14975.537367
1,2,2,4,1,100000,100000,0,6.240612,16024.068261
1,2,2,4,1,100000,100000,0,6.538817,15293.287380
1,2,2,4,1,100000,100000,0,6.593892,15165.551136
1,2,2,4,1,100000,100000,0,-7.866069,-12712.830409
1,2,2,4,1,100000,100000,0,6.462588,15473.676199
1,2,2,4,1,100000,100000,0,6.123733,16329.909410
1,2,2,4,1,100000,100000,0,6.572752,15214.327385
1,2,2,4,1,100000,100000,0,6.489150,15410.337761
1,2,2,4,1,100000,100000,0,5.904660,16935.777541
1,2,3,6,1,100000,100000,0,4.851126,20613.769975
1,2,3,6,1,100000,100000,0,4.785992,20894.308772
1,2,3,6,1,100000,100000,0,4.886693,20463.735638
1,2,3,6,1,100000,100000,0,4.700742,21273.239457
1,2,3,6,1,100000,100000,0,4.713996,21213.426795
1,2,3,6,1,100000,100000,0,4.849279,20621.620342
1,2,3,6,1,100000,100000,0,4.798057,20841.771693
1,2,3,6,1,100000,100000,0,4.633432,21582.273325
1,2,3,6,1,100000,100000,0,4.778438,20927.340600
1,2,3,6,1,100000,100000,0,-9.221797,-10843.873782
1,2,4,8,1,100000,100000,0,4.952054,20193.638957
1,2,4,8,1,100000,100000,0,4.456563,22438.818367
1,2,4,8,1,100000,100000,0,4.383709,22811.732951
1,2,4,8,1,100000,100000,0,4.450029,22471.763541
1,2,4,8,1,100000,100000,0,3.914131,25548.454465
1,2,4,8,1,100000,100000,0,3.967275,25206.217129
1,2,4,8,1,100000,100000,0,3.904479,25611.612261
1,2,4,8,1,100000,100000,0,3.903947,25615.100539
1,2,4,8,1,100000,100000,0,3.942405,25365.225660
1,2,4,8,1,100000,100000,0,3.895520,25670.515034
1,3,2,6,1,100000,100000,0,4.529301,22078.464034
1,3,2,6,1,100000,100000,0,4.540295,22024.998424
1,3,2,6,1,100000,100000,0,4.578309,21842.126231
1,3,2,6,1,100000,100000,0,4.506651,22189.428451
1,3,2,6,1,100000,100000,0,4.562179,21919.350429
1,3,2,6,1,100000,100000,0,4.530359,22073.307167
1,3,2,6,1,100000,100000,0,4.486065,22291.250731
1,3,2,6,1,100000,100000,0,4.612438,21680.506040
1,3,2,6,1,100000,100000,0,4.542659,22013.536978
1,3,2,6,1,100000,100000,0,-9.330958,-10717.013063
1,3,3,9,1,100000,100000,0,4.434586,22550.017586
1,3,3,9,1,100000,100000,0,4.465921,22391.796040
1,3,3,9,1,100000,100000,0,3.938952,25387.465156
1,3,3,9,1,100000,100000,0,3.967301,25206.050845
1,3,3,9,1,100000,100000,0,3.941069,25373.823850
1,3,3,9,1,100000,100000,0,3.938360,25391.276524
1,3,3,9,1,100000,100000,0,3.965685,25216.325504
1,3,3,9,1,100000,100000,0,4.024002,24850.882886
1,3,3,9,1,100000,100000,0,4.121770,24261.424537
1,3,3,9,1,100000,100000,0,3.988385,25072.806428
1,3,4,12,1,100000,100000,0,4.024622,24847.052576
1,3,4,12,1,100000,100000,0,3.983856,25101.306703
1,3,4,12,1,100000,100000,0,4.037096,24770.282849
1,3,4,12,1,100000,100000,0,3.999361,25003.994282
1,3,4,12,1,100000,100000,0,4.003458,24978.406717
1,3,4,12,1,100000,100000,0,4.072535,24554.733125
1,3,4,12,1,100000,100000,0,4.034189,24788.127588
1,3,4,12,1,100000,100000,0,4.095855,24414.924807
1,3,4,12,1,100000,100000,0,4.079357,24513.667967
1,3,4,12,1,100000,100000,0,4.059046,24636.332854
1,4,2,8,1,100000,100000,0,4.035531,24779.889276
1,4,2,8,1,100000,100000,0,3.982498,25109.868998
1,4,2,8,1,100000,100000,0,3.969223,25193.844697
1,4,2,8,1,100000,100000,0,3.912962,25556.085332
1,4,2,8,1,100000,100000,0,4.048007,24703.514789
1,4,2,8,1,100000,100000,0,3.933574,25422.176423
1,4,2,8,1,100000,100000,0,3.911861,25563.278561
1,4,2,8,1,100000,100000,0,3.935655,25408.730963
1,4,2,8,1,100000,100000,0,18.368642,5444.060506
1,4,2,8,1,100000,100000,0,4.240167,23583.974805
1,4,3,12,1,100000,100000,0,4.130549,24209.858250
1,4,3,12,1,100000,100000,0,4.013226,24917.608669
1,4,3,12,1,100000,100000,0,4.157299,24054.080472
1,4,3,12,1,100000,100000,0,3.982659,25108.855854
1,4,3,12,1,100000,100000,0,4.615038,21668.293270
1,4,3,12,1,100000,100000,0,4.128758,24220.361583
1,4,3,12,1,100000,100000,0,4.146378,24117.431895
1,4,3,12,1,100000,100000,0,4.024661,24846.812944
1,4,3,12,1,100000,100000,0,4.069902,24570.615647
1,4,3,12,1,100000,100000,0,4.059555,24633.238908
1,4,4,16,1,100000,100000,0,4.077772,24523.193579
1,4,4,16,1,100000,100000,0,4.040329,24750.459335
1,4,4,16,1,100000,100000,0,4.053828,24668.039704
1,4,4,16,1,100000,100000,0,4.033244,24793.937074
1,4,4,16,1,100000,100000,0,4.177073,23940.209239
1,4,4,16,1,100000,100000,0,4.057920,24643.165072
1,4,4,16,1,100000,100000,0,4.073994,24545.937557
1,4,4,16,1,100000,100000,0,4.096104,24413.445184
1,4,4,16,1,100000,100000,0,4.094248,24424.507519
1,4,4,16,1,100000,100000,0,4.039756,24753.969487
1,2,2,4,2,100000,100000,0,5.561713,17980.071123
1,2,2,4,2,100000,100000,0,5.759579,17362.380135
1,2,2,4,2,100000,100000,0,24.914241,4013.768736
1,2,2,4,2,100000,100000,0,5.369589,18623.399830
1,2,2,4,2,100000,100000,0,5.578325,17926.529195
1,2,2,4,2,100000,100000,0,5.539897,18050.877416
1,2,2,4,2,100000,100000,0,5.660863,17665.150126
1,2,2,4,2,100000,100000,0,5.688356,17579.773248
1,2,2,4,2,100000,100000,0,5.871631,17031.043150
1,2,2,4,2,100000,100000,0,5.767339,17339.017741
1,2,3,6,2,100000,100000,0,4.226530,23660.072685
1,2,3,6,2,100000,100000,0,4.228267,23650.353496
1,2,3,6,2,100000,100000,0,4.085000,24479.805953
1,2,3,6,2,100000,100000,0,4.130231,24211.720494
1,2,3,6,2,100000,100000,0,18.350828,5449.345483
1,2,3,6,2,100000,100000,0,4.369645,22885.155606
1,2,3,6,2,100000,100000,0,4.395004,22753.107640
1,2,3,6,2,100000,100000,0,4.428040,22583.353404
1,2,3,6,2,100000,100000,0,4.364399,22912.660501
1,2,3,6,2,100000,100000,0,4.014951,24906.901266
1,2,4,8,2,100000,100000,0,3.200234,31247.717676
1,2,4,8,2,100000,100000,0,3.098319,32275.561087
1,2,4,8,2,100000,100000,0,3.099769,32260.463415
1,2,4,8,2,100000,100000,0,3.382769,29561.579356
1,2,4,8,2,100000,100000,0,3.443665,29038.833040
1,2,4,8,2,100000,100000,0,3.105876,32197.039442
1,2,4,8,2,100000,100000,0,3.057600,32705.388597
1,2,4,8,2,100000,100000,0,3.166296,31582.639442
1,2,4,8,2,100000,100000,0,3.372614,29650.592977
1,2,4,8,2,100000,100000,0,3.373441,29643.323765
1,2,8,16,2,100000,100000,0,2.415437,41400.370685
1,2,8,16,2,100000,100000,0,2.548437,39239.742052
1,2,8,16,2,100000,100000,0,2.827969,35361.063445
1,2,8,16,2,100000,100000,0,2.625847,38082.953448
1,2,8,16,2,100000,100000,0,2.549174,39228.385857
1,2,8,16,2,100000,100000,0,2.765574,36158.855419
1,2,8,16,2,100000,100000,0,2.593618,38556.174845
1,2,8,16,2,100000,100000,0,2.643717,37825.536501
1,2,8,16,2,100000,100000,0,2.877173,34756.344662
1,2,8,16,2,100000,100000,0,2.686545,37222.522893
1,3,2,6,2,100000,100000,0,4.122426,24257.558389
1,3,2,6,2,100000,100000,0,4.216243,23717.800204
1,3,2,6,2,100000,100000,0,4.220129,23695.959833
1,3,2,6,2,100000,100000,0,4.385613,22801.831077
1,3,2,6,2,100000,100000,0,4.229157,23645.376296
1,3,2,6,2,100000,100000,0,4.224901,23669.192425
1,3,2,6,2,100000,100000,0,4.196544,23829.130060
1,3,2,6,2,100000,100000,0,4.222624,23681.955414
1,3,2,6,2,100000,100000,0,4.220552,23693.580728
1,3,2,6,2,100000,100000,0,4.519819,22124.778733
1,3,3,9,2,100000,100000,0,3.101476,32242.707803
1,3,3,9,2,100000,100000,0,3.320659,30114.508887
1,3,3,9,2,100000,100000,0,3.358361,29776.425209
1,3,3,9,2,100000,100000,0,3.097110,32288.161937
1,3,3,9,2,100000,100000,0,3.096159,32298.085960
1,3,3,9,2,100000,100000,0,3.209557,31156.945770
1,3,3,9,2,100000,100000,0,3.357425,29784.728028
1,3,3,9,2,100000,100000,0,3.317984,30138.781061
1,3,3,9,2,100000,100000,0,3.058458,32696.219669
1,3,3,9,2,100000,100000,0,3.035865,32939.539947
1,3,4,12,2,100000,100000,0,2.668523,37473.916252
1,3,4,12,2,100000,100000,0,2.870293,34839.650935
1,3,4,12,2,100000,100000,0,2.787556,35873.715540
1,3,4,12,2,100000,100000,0,2.656133,37648.717479
1,3,4,12,2,100000,100000,0,2.898116,34505.181039
1,3,4,12,2,100000,100000,0,2.795332,35773.920853
1,3,4,12,2,100000,100000,0,2.692893,37134.780552
1,3,4,12,2,100000,100000,0,2.953346,33859.894317
1,3,4,12,2,100000,100000,0,2.738427,36517.314449
1,3,4,12,2,100000,100000,0,2.690747,37164.396754
1,3,8,24,2,100000,100000,0,3.175216,31493.915474
1,3,8,24,2,100000,100000,0,3.082247,32443.860658
1,3,8,24,2,100000,100000,0,2.890697,34593.733445
1,3,8,24,2,100000,100000,0,2.888608,34618.756520
1,3,8,24,2,100000,100000,0,3.056090,32721.545694
1,3,8,24,2,100000,100000,0,3.064854,32627.986204
1,3,8,24,2,100000,100000,0,2.792756,35806.916930
1,3,8,24,2,100000,100000,0,2.893699,34557.839077
1,3,8,24,2,100000,100000,0,3.075517,32514.859165
1,3,8,24,2,100000,100000,0,2.896419,34525.385805
1,4,2,8,2,100000,100000,0,3.195852,31290.561554
1,4,2,8,2,100000,100000,0,3.195451,31294.486345
1,4,2,8,2,100000,100000,0,3.394755,29457.205929
1,4,2,8,2,100000,100000,0,3.189846,31349.474135
1,4,2,8,2,100000,100000,0,3.223324,31023.876196
1,4,2,8,2,100000,100000,0,3.187588,31371.686360
1,4,2,8,2,100000,100000,0,3.397000,29437.736365
1,4,2,8,2,100000,100000,0,3.396215,29444.544980
1,4,2,8,2,100000,100000,0,3.086020,32404.191804
1,4,2,8,2,100000,100000,0,3.089608,32366.562297
1,4,3,12,2,100000,100000,0,2.979975,33557.323377
1,4,3,12,2,100000,100000,0,3.039647,32898.554157
1,4,3,12,2,100000,100000,0,2.957962,33807.061339
1,4,3,12,2,100000,100000,0,2.527499,39564.810413
1,4,3,12,2,100000,100000,0,2.902273,34455.749626
1,4,3,12,2,100000,100000,0,2.997162,33364.892674
1,4,3,12,2,100000,100000,0,2.821013,35448.259880
1,4,3,12,2,100000,100000,0,17.068737,5858.664175
1,4,3,12,2,100000,100000,0,3.220829,31047.907434
1,4,3,12,2,100000,100000,0,2.859463,34971.605445
1,4,4,16,2,100000,100000,0,2.627583,38057.792098
1,4,4,16,2,100000,100000,0,2.953188,33861.715091
1,4,4,16,2,100000,100000,0,2.724079,36709.656783
1,4,4,16,2,100000,100000,0,2.586449,38663.040862
1,4,4,16,2,100000,100000,0,2.912588,34333.726722
1,4,4,16,2,100000,100000,0,2.555959,39124.252498
1,4,4,16,2,100000,100000,0,2.617172,38209.175119
1,4,4,16,2,100000,100000,0,2.991602,33426.907504
1,4,4,16,2,100000,100000,0,2.570862,38897.457208
1,4,4,16,2,100000,100000,0,2.560364,39056.942334
1,4,8,32,2,100000,100000,0,3.064774,32628.833764
1,4,8,32,2,100000,100000,0,2.746026,36416.258453
1,4,8,32,2,100000,100000,0,2.723036,36723.710651
1,4,8,32,2,100000,100000,0,2.943539,33972.711507
1,4,8,32,2,100000,100000,0,2.783850,35921.478867
1,4,8,32,2,100000,100000,0,2.695421,37099.959035
1,4,8,32,2,100000,100000,0,3.014887,33168.734385
1,4,8,32,2,100000,100000,0,3.077546,32493.426500
1,4,8,32,2,100000,100000,0,2.762083,36204.561446
1,4,8,32,2,100000,100000,0,2.901418,34465.900600
1,8,2,16,2,100000,100000,0,2.731252,36613.244321
1,8,2,16,2,100000,100000,0,2.540526,39361.928032
1,8,2,16,2,100000,100000,0,2.522476,39643.591694
1,8,2,16,2,100000,100000,0,2.748753,36380.137150
1,8,2,16,2,100000,100000,0,2.540752,39358.429342
1,8,2,16,2,100000,100000,0,2.527038,39572.017863
1,8,2,16,2,100000,100000,0,2.848340,35108.168131
1,8,2,16,2,100000,100000,0,2.555859,39125.795220
1,8,2,16,2,100000,100000,0,2.587682,38644.621353
1,8,2,16,2,100000,100000,0,2.823792,35413.367655
1,8,3,24,2,100000,100000,0,3.387912,29516.701476
1,8,3,24,2,100000,100000,0,2.885998,34650.062805
1,8,3,24,2,100000,100000,0,2.638526,37899.954630
1,8,3,24,2,100000,100000,0,2.906282,34408.223018
1,8,3,24,2,100000,100000,0,2.881676,34702.027522
1,8,3,24,2,100000,100000,0,2.701292,37019.328444
1,8,3,24,2,100000,100000,0,2.954973,33841.255863
1,8,3,24,2,100000,100000,0,2.898696,34498.276005
1,8,3,24,2,100000,100000,0,2.665319,37518.956457
1,8,3,24,2,100000,100000,0,2.555737,39127.651697
1,8,4,32,2,100000,100000,0,2.875730,34773.774548
1,8,4,32,2,100000,100000,0,2.601115,38445.056430
1,8,4,32,2,100000,100000,0,2.603704,38406.830236
1,8,4,32,2,100000,100000,0,2.849347,35095.754773
1,8,4,32,2,100000,100000,0,2.956737,33821.072590
1,8,4,32,2,100000,100000,0,2.681426,37293.593771
1,8,4,32,2,100000,100000,0,2.624416,38103.716194
1,8,4,32,2,100000,100000,0,2.897625,34511.018468
1,8,4,32,2,100000,100000,0,2.514736,39765.601867
1,8,4,32,2,100000,100000,0,2.567336,38950.884278
1,8,8,64,2,100000,100000,0,2.997724,33358.643760
1,8,8,64,2,100000,100000,0,2.958094,33805.550412
1,8,8,64,2,100000,100000,0,2.705647,36959.739028
1,8,8,64,2,100000,100000,0,2.647666,37769.111971
1,8,8,64,2,100000,100000,0,2.908787,34378.591370
1,8,8,64,2,100000,100000,0,2.645414,37801.273204
1,8,8,64,2,100000,100000,0,2.658428,37616.222273
1,8,8,64,2,100000,100000,0,2.908490,34382.106864
1,8,8,64,2,100000,100000,0,2.842486,35180.470473
1,8,8,64,2,100000,100000,0,2.688573,37194.446760
