TOT_WORKERS,MPI_RANKS,OMP_THREADS,TIME_SEC,THROUGHPUT_JS,KEYGEN_SEC,ENC_SEC,DEC_SEC,TOTAL_SPEEDUP,TOTAL_EFFICIENCY,KEYGEN_SPEEDUP,KEYGEN_EFFICIENCY,ENC_SPEEDUP,ENC_EFFICIENCY,DEC_SPEEDUP,DEC_EFFICIENCY
4,2,2,6.339,15774.451,8.246,8.712,10.075,2.549,0.637,0.622,0.156,0.663,0.166,0.679,0.17
6,2,3,4.551,21973.427,9.003,9.525,11.085,3.55,0.592,0.57,0.095,0.607,0.101,0.617,0.103
6,3,2,4.565,21906.068,8.99,9.544,11.098,3.54,0.59,0.571,0.095,0.606,0.101,0.616,0.103
8,2,4,3.906,25601.245,10.442,11.073,12.902,4.137,0.517,0.491,0.061,0.522,0.065,0.53,0.066
8,4,2,4.363,22922.405,10.344,11.068,12.874,3.703,0.463,0.496,0.062,0.522,0.065,0.531,0.066
9,3,3,3.959,25091.651,11.626,12.414,14.444,4.081,0.453,0.441,0.049,0.466,0.052,0.473,0.053
12,3,4,3.977,25143.298,15.273,16.395,19.193,4.063,0.339,0.336,0.028,0.352,0.029,0.356,0.03
12,4,3,4.034,24786.796,15.134,16.574,19.201,4.005,0.334,0.339,0.028,0.349,0.029,0.356,0.03
16,4,4,4.055,24662.251,21.178,21.882,25.345,3.985,0.249,0.242,0.015,0.264,0.016,0.27,0.017
